"ID","UrlName","Friendly","state_fips_code","county_fips_code","state","state_name","Name","county_name","CenterState","center_state_fips_code"
5920,"Omaha","Omaha","19","19155","IA","Iowa","Omaha, NE/IA","Pottawattamie County","NE","31"
2120,"DesMoines","Des Moines","19","19181","IA","Iowa","Des Moines, IA","Warren County","IA","19"
2120,"DesMoines","Des Moines","19","19049","IA","Iowa","Des Moines, IA","Dallas County","IA","19"
2120,"DesMoines","Des Moines","19","19153","IA","Iowa","Des Moines, IA","Polk County","IA","19"
9000,"Wheeling","Wheeling","39","39013","OH","Ohio","Wheeling, WV/OH","Belmont County","OH","39"
1840,"Columbus_OH","Columbus (OH)","39","39129","OH","Ohio","Columbus, OH","Pickaway County","OH","39"
1840,"Columbus_OH","Columbus (OH)","39","39041","OH","Ohio","Columbus, OH","Delaware County","OH","39"
1840,"Columbus_OH","Columbus (OH)","39","39089","OH","Ohio","Columbus, OH","Licking County","OH","39"
1840,"Columbus_OH","Columbus (OH)","39","39049","OH","Ohio","Columbus, OH","Franklin County","OH","39"
1840,"Columbus_OH","Columbus (OH)","39","39097","OH","Ohio","Columbus, OH","Madison County","OH","39"
1840,"Columbus_OH","Columbus (OH)","39","39045","OH","Ohio","Columbus, OH","Fairfield County","OH","39"
3400,"HuntingtonAshland","Huntingon/Ashland","39","39087","OH","Ohio","Huntingon/Ashland, WV/KY/OH","Lawrence County","OH","39"
80,"Akron","Akron Area","39","39153","OH","Ohio","Akron, OH","Summit County","OH","39"
80,"Akron","Akron Area","39","39133","OH","Ohio","Akron, OH","Portage County","OH","39"
1640,"Cincinnati","Cincinnati Area","39","39061","OH","Ohio","Cincinnati, OH/KY/IN","Hamilton County","OH","39"
1640,"Cincinnati","Cincinnati Area","39","39025","OH","Ohio","Cincinnati, OH/KY/IN","Clermont County","OH","39"
1640,"Cincinnati","Cincinnati Area","39","39165","OH","Ohio","Cincinnati, OH/KY/IN","Warren County","OH","39"
1640,"Cincinnati","Cincinnati Area","39","39015","OH","Ohio","Cincinnati, OH/KY/IN","Brown County","OH","39"
9320,"YoungstownWarren","Youngstown/Warren","39","39155","OH","Ohio","Youngstown/Warren, OH","Trumbull County","OH","39"
9320,"YoungstownWarren","Youngstown/Warren","39","39029","OH","Ohio","Youngstown/Warren, OH","Columbiana County","OH","39"
9320,"YoungstownWarren","Youngstown/Warren","39","39099","OH","Ohio","Youngstown/Warren, OH","Mahoning County","OH","39"
1680,"Cleveland","Cleveland","39","39055","OH","Ohio","Cleveland/Lorain/Elyria, OH","Geauga County","OH","39"
1680,"Cleveland","Cleveland","39","39103","OH","Ohio","Cleveland/Lorain/Elyria, OH","Medina County","OH","39"
1680,"Cleveland","Cleveland","39","39007","OH","Ohio","Cleveland/Lorain/Elyria, OH","Ashtabula County","OH","39"
1680,"Cleveland","Cleveland","39","39085","OH","Ohio","Cleveland/Lorain/Elyria, OH","Lake County","OH","39"
1680,"Cleveland","Cleveland","39","39035","OH","Ohio","Cleveland/Lorain/Elyria, OH","Cuyahoga County","OH","39"
1680,"Cleveland","Cleveland","39","39093","OH","Ohio","Cleveland/Lorain/Elyria, OH","Lorain County","OH","39"
8080,"Steubenville","Steubenville","39","39081","OH","Ohio","Steubenville/Weirton, OH/WV","Jefferson County","WV","54"
2000,"Dayton","Dayton Area","39","39109","OH","Ohio","Dayton/Springfield, OH","Miami County","OH","39"
2000,"Dayton","Dayton Area","39","39023","OH","Ohio","Dayton/Springfield, OH","Clark County","OH","39"
2000,"Dayton","Dayton Area","39","39113","OH","Ohio","Dayton/Springfield, OH","Montgomery County","OH","39"
2000,"Dayton","Dayton Area","39","39057","OH","Ohio","Dayton/Springfield, OH","Greene County","OH","39"
8400,"Toledo","Toledo","39","39095","OH","Ohio","Toledo, OH","Lucas County","OH","39"
8400,"Toledo","Toledo","39","39051","OH","Ohio","Toledo, OH","Fulton County","OH","39"
8400,"Toledo","Toledo","39","39173","OH","Ohio","Toledo, OH","Wood County","OH","39"
7160,"SLT","Salt Lake City","49","49035","UT","Utah","Salt Lake City/Ogden, UT","Salt Lake County","UT","49"
7160,"SLT","Salt Lake City","49","49011","UT","Utah","Salt Lake City/Ogden, UT","Davis County","UT","49"
7160,"SLT","Salt Lake City","49","49057","UT","Utah","Salt Lake City/Ogden, UT","Weber County","UT","49"
1080,"Boise","Boise City","16","16001","ID","Idaho","Boise City, ID","Ada County","ID","16"
1080,"Boise","Boise City","16","16027","ID","Idaho","Boise City, ID","Canyon County","ID","16"
40,"Abilene","Abilene Area","48","48441","TX","Texas","Abilene, TX","Taylor County","TX","48"
3360,"Houston","Houston Area","48","48473","TX","Texas","Houston, TX","Waller County","TX","48"
3360,"Houston","Houston Area","48","48339","TX","Texas","Houston, TX","Montgomery County","TX","48"
3360,"Houston","Houston Area","48","48291","TX","Texas","Houston, TX","Liberty County","TX","48"
3360,"Houston","Houston Area","48","48071","TX","Texas","Houston, TX","Chambers County","TX","48"
3360,"Houston","Houston Area","48","48157","TX","Texas","Houston, TX","Fort Bend County","TX","48"
3360,"Houston","Houston Area","48","48201","TX","Texas","Houston, TX","Harris County","TX","48"
320,"Amarillo","Amarillo Area","48","48375","TX","Texas","Amarillo, TX","Potter County","TX","48"
320,"Amarillo","Amarillo Area","48","48381","TX","Texas","Amarillo, TX","Randall County","TX","48"
4420,"Longview","Longview/Marshall","48","48459","TX","Texas","Longview/Marshall, TX","Upshur County","TX","48"
4420,"Longview","Longview/Marshall","48","48203","TX","Texas","Longview/Marshall, TX","Harrison County","TX","48"
4420,"Longview","Longview/Marshall","48","48183","TX","Texas","Longview/Marshall, TX","Gregg County","TX","48"
840,"Beaumont","Beaumont/Port Arthur Area","48","48199","TX","Texas","Beaumont/Port Arthur, TX","Hardin County","TX","48"
840,"Beaumont","Beaumont/Port Arthur Area","48","48245","TX","Texas","Beaumont/Port Arthur, TX","Jefferson County","TX","48"
840,"Beaumont","Beaumont/Port Arthur Area","48","48361","TX","Texas","Beaumont/Port Arthur, TX","Orange County","TX","48"
7240,"SanAntonio","San Antonio","48","48091","TX","Texas","San Antonio, TX","Comal County","TX","48"
7240,"SanAntonio","San Antonio","48","48029","TX","Texas","San Antonio, TX","Bexar County","TX","48"
7240,"SanAntonio","San Antonio","48","48187","TX","Texas","San Antonio, TX","Guadalupe County","TX","48"
7240,"SanAntonio","San Antonio","48","48493","TX","Texas","San Antonio, TX","Wilson County","TX","48"
1880,"CorpusChristi","Corpus Christi","48","48409","TX","Texas","Corpus Christi, TX","San Patricio County","TX","48"
1880,"CorpusChristi","Corpus Christi","48","48355","TX","Texas","Corpus Christi, TX","Nueces County","TX","48"
640,"Austin","Greater Austin","48","48055","TX","Texas","Austin/San Marcos, TX","Caldwell County","TX","48"
640,"Austin","Greater Austin","48","48491","TX","Texas","Austin/San Marcos, TX","Williamson County","TX","48"
640,"Austin","Greater Austin","48","48021","TX","Texas","Austin/San Marcos, TX","Bastrop County","TX","48"
640,"Austin","Greater Austin","48","48209","TX","Texas","Austin/San Marcos, TX","Hays County","TX","48"
640,"Austin","Greater Austin","48","48453","TX","Texas","Austin/San Marcos, TX","Travis County","TX","48"
1920,"Dallas","Greater Dallas","48","48257","TX","Texas","Dallas, TX","Kaufman County","TX","48"
1920,"Dallas","Greater Dallas","48","48367","TX","Texas","Dallas, TX","Parker County","TX","48"
1920,"Dallas","Greater Dallas","48","48221","TX","Texas","Dallas, TX","Hood County","TX","48"
1920,"Dallas","Greater Dallas","48","48251","TX","Texas","Dallas, TX","Johnson County","TX","48"
1920,"Dallas","Greater Dallas","48","48231","TX","Texas","Dallas, TX","Hunt County","TX","48"
1920,"Dallas","Greater Dallas","48","48121","TX","Texas","Dallas, TX","Denton County","TX","48"
1920,"Dallas","Greater Dallas","48","48113","TX","Texas","Dallas, TX","Dallas County","TX","48"
1920,"Dallas","Greater Dallas","48","48139","TX","Texas","Dallas, TX","Ellis County","TX","48"
1920,"Dallas","Greater Dallas","48","48397","TX","Texas","Dallas, TX","Rockwall County","TX","48"
1920,"Dallas","Greater Dallas","48","48439","TX","Texas","Dallas, TX","Tarrant County","TX","48"
1920,"Dallas","Greater Dallas","48","48213","TX","Texas","Dallas, TX","Henderson County","TX","48"
1920,"Dallas","Greater Dallas","48","48085","TX","Texas","Dallas, TX","Collin County","TX","48"
380,"Anchorage","Anchorage Area","02","02020","AK","Alaska","Anchorage, AK","Anchorage Municipality","AK","02"
9040,"Wichita","Wichita","20","20079","KS","Kansas","Wichita, KS","Harvey County","KS","20"
9040,"Wichita","Wichita","20","20015","KS","Kansas","Wichita, KS","Butler County","KS","20"
9040,"Wichita","Wichita","20","20173","KS","Kansas","Wichita, KS","Sedgwick County","KS","20"
3760,"KansasCity","Kansas City Area","20","20103","KS","Kansas","Kansas City, MO/KS","Leavenworth County","MO","29"
3760,"KansasCity","Kansas City Area","20","20091","KS","Kansas","Kansas City, MO/KS","Johnson County","MO","29"
3760,"KansasCity","Kansas City Area","20","20121","KS","Kansas","Kansas City, MO/KS","Miami County","MO","29"
3760,"KansasCity","Kansas City Area","20","20209","KS","Kansas","Kansas City, MO/KS","Wyandotte County","MO","29"
4120,"Las Vegas","Las Vegas","32","32003","NV","Nevada","Las Vegas, NV/AZ","Clark County","NV","32"
4120,"Las Vegas","Las Vegas","32","32023","NV","Nevada","Las Vegas, NV/AZ","Nye County","NV","32"
6440,"Portland","Portland","41","41051","OR","Oregon","Portland/Vancouver, OR/WA","Multnomah County","OR","41"
6440,"Portland","Portland","41","41067","OR","Oregon","Portland/Vancouver, OR/WA","Washington County","OR","41"
6440,"Portland","Portland","41","41005","OR","Oregon","Portland/Vancouver, OR/WA","Clackamas County","OR","41"
6440,"Portland","Portland","41","41009","OR","Oregon","Portland/Vancouver, OR/WA","Columbia County","OR","41"
6440,"Portland","Portland","41","41071","OR","Oregon","Portland/Vancouver, OR/WA","Yamhill County","OR","41"
450,"Anniston","Anniston Area","01","01015","AL","Alabama","Anniston, AL","Calhoun County","AL","01"
1800,"Columbus_GA","Columbus (GA)","01","01113","AL","Alabama","Columbus, GA/AL","Russell County","GA","13"
5240,"Montgomery","Montgomery","01","01001","AL","Alabama","Montgomery, AL","Autauga County","AL","01"
5240,"Montgomery","Montgomery","01","01051","AL","Alabama","Montgomery, AL","Elmore County","AL","01"
5240,"Montgomery","Montgomery","01","01101","AL","Alabama","Montgomery, AL","Montgomery County","AL","01"
1000,"Birmingham","Birmingham","01","01117","AL","Alabama","Birmingham, AL","Shelby County","AL","01"
1000,"Birmingham","Birmingham","01","01009","AL","Alabama","Birmingham, AL","Blount County","AL","01"
1000,"Birmingham","Birmingham","01","01115","AL","Alabama","Birmingham, AL","St. Clair County","AL","01"
1000,"Birmingham","Birmingham","01","01073","AL","Alabama","Birmingham, AL","Jefferson County","AL","01"
4120,"Las Vegas","Las Vegas","04","04015","AZ","Arizona","Las Vegas, NV/AZ","Mohave County","NV","32"
3600,"Jacksonville","Jacksonville","12","12089","FL","Florida","Jacksonville, FL","Nassau County","FL","12"
3600,"Jacksonville","Jacksonville","12","12031","FL","Florida","Jacksonville, FL","Duval County","FL","12"
3600,"Jacksonville","Jacksonville","12","12109","FL","Florida","Jacksonville, FL","St. Johns County","FL","12"
3600,"Jacksonville","Jacksonville","12","12019","FL","Florida","Jacksonville, FL","Clay County","FL","12"
5960,"Orlando","Orlando","12","12095","FL","Florida","Orlando, FL","Orange County","FL","12"
5960,"Orlando","Orlando","12","12069","FL","Florida","Orlando, FL","Lake County","FL","12"
5960,"Orlando","Orlando","12","12117","FL","Florida","Orlando, FL","Seminole County","FL","12"
5960,"Orlando","Orlando","12","12097","FL","Florida","Orlando, FL","Osceola County","FL","12"
8280,"Tampa","Tampa Area","12","12057","FL","Florida","Tampa/St. Petersburg/Clearwater, FL","Hillsborough County","FL","12"
8280,"Tampa","Tampa Area","12","12101","FL","Florida","Tampa/St. Petersburg/Clearwater, FL","Pasco County","FL","12"
8280,"Tampa","Tampa Area","12","12053","FL","Florida","Tampa/St. Petersburg/Clearwater, FL","Hernando County","FL","12"
8280,"Tampa","Tampa Area","12","12103","FL","Florida","Tampa/St. Petersburg/Clearwater, FL","Pinellas County","FL","12"
1800,"Columbus_GA","Columbus (GA)","13","13215","GA","Georgia","Columbus, GA/AL","Muscogee County","GA","13"
1800,"Columbus_GA","Columbus (GA)","13","13053","GA","Georgia","Columbus, GA/AL","Chattahoochee County","GA","13"
1800,"Columbus_GA","Columbus (GA)","13","13145","GA","Georgia","Columbus, GA/AL","Harris County","GA","13"
1560,"Chattanooga","Chattanooga","13","13295","GA","Georgia","Chattanooga, TN/GA","Walker County","TN","47"
1560,"Chattanooga","Chattanooga","13","13047","GA","Georgia","Chattanooga, TN/GA","Catoosa County","TN","47"
1560,"Chattanooga","Chattanooga","13","13083","GA","Georgia","Chattanooga, TN/GA","Dade County","TN","47"
820,"Atlanta","Atlanta Area","13","13013","GA","Georgia","Atlanta, GA","Barrow County","GA","13"
820,"Atlanta","Atlanta Area","13","13015","GA","Georgia","Atlanta, GA","Bartow County","GA","13"
820,"Atlanta","Atlanta Area","13","13063","GA","Georgia","Atlanta, GA","Clayton County","GA","13"
820,"Atlanta","Atlanta Area","13","13097","GA","Georgia","Atlanta, GA","Douglas County","GA","13"
820,"Atlanta","Atlanta Area","13","13089","GA","Georgia","Atlanta, GA","DeKalb County","GA","13"
820,"Atlanta","Atlanta Area","13","13151","GA","Georgia","Atlanta, GA","Henry County","GA","13"
820,"Atlanta","Atlanta Area","13","13067","GA","Georgia","Atlanta, GA","Cobb County","GA","13"
820,"Atlanta","Atlanta Area","13","13077","GA","Georgia","Atlanta, GA","Coweta County","GA","13"
820,"Atlanta","Atlanta Area","13","13247","GA","Georgia","Atlanta, GA","Rockdale County","GA","13"
820,"Atlanta","Atlanta Area","13","13255","GA","Georgia","Atlanta, GA","Spalding County","GA","13"
820,"Atlanta","Atlanta Area","13","13113","GA","Georgia","Atlanta, GA","Fayette County","GA","13"
820,"Atlanta","Atlanta Area","13","13121","GA","Georgia","Atlanta, GA","Fulton County","GA","13"
820,"Atlanta","Atlanta Area","13","13057","GA","Georgia","Atlanta, GA","Cherokee County","GA","13"
820,"Atlanta","Atlanta Area","13","13117","GA","Georgia","Atlanta, GA","Forsyth County","GA","13"
820,"Atlanta","Atlanta Area","13","13135","GA","Georgia","Atlanta, GA","Gwinnett County","GA","13"
820,"Atlanta","Atlanta Area","13","13227","GA","Georgia","Atlanta, GA","Pickens County","GA","13"
820,"Atlanta","Atlanta Area","13","13045","GA","Georgia","Atlanta, GA","Carroll County","GA","13"
820,"Atlanta","Atlanta Area","13","13223","GA","Georgia","Atlanta, GA","Paulding County","GA","13"
820,"Atlanta","Atlanta Area","13","13217","GA","Georgia","Atlanta, GA","Newton County","GA","13"
820,"Atlanta","Atlanta Area","13","13297","GA","Georgia","Atlanta, GA","Walton County","GA","13"
4680,"Macon","Macon","13","13153","GA","Georgia","Macon, GA","Houston County","GA","13"
4680,"Macon","Macon","13","13021","GA","Georgia","Macon, GA","Bibb County","GA","13"
4680,"Macon","Macon","13","13289","GA","Georgia","Macon, GA","Twiggs County","GA","13"
4680,"Macon","Macon","13","13225","GA","Georgia","Macon, GA","Peach County","GA","13"
4680,"Macon","Macon","13","13169","GA","Georgia","Macon, GA","Jones County","GA","13"
600,"AugustaAiken","Augusta/Aiken","13","13073","GA","Georgia","Augusta/Aiken, GA/SC","Columbia County","GA","13"
600,"AugustaAiken","Augusta/Aiken","13","13245","GA","Georgia","Augusta/Aiken, GA/SC","Richmond County","GA","13"
7520,"Savannah","Savannah","13","13103","GA","Georgia","Savannah, GA","Effingham County","GA","13"
7520,"Savannah","Savannah","13","13029","GA","Georgia","Savannah, GA","Bryan County","GA","13"
7520,"Savannah","Savannah","13","13051","GA","Georgia","Savannah, GA","Chatham County","GA","13"
120,"AlbanyGA","Albany (GA) Area","13","13177","GA","Georgia","Albany, GA","Lee County","GA","13"
120,"AlbanyGA","Albany (GA) Area","13","13095","GA","Georgia","Albany, GA","Dougherty County","GA","13"
500,"Athens","Athens Area","13","13195","GA","Georgia","Athens, GA","Madison County","GA","13"
500,"Athens","Athens Area","13","13059","GA","Georgia","Athens, GA","Clarke County","GA","13"
500,"Athens","Athens Area","13","13219","GA","Georgia","Athens, GA","Oconee County","GA","13"
1640,"Cincinnati","Cincinnati Area","18","18115","IN","Indiana","Cincinnati, OH/KY/IN","Ohio County","OH","39"
1640,"Cincinnati","Cincinnati Area","18","18029","IN","Indiana","Cincinnati, OH/KY/IN","Dearborn County","OH","39"
8320,"TerreHaute","Terre Haute","18","18165","IN","Indiana","Terre Haute, IN","Vermillion County","IN","18"
8320,"TerreHaute","Terre Haute","18","18167","IN","Indiana","Terre Haute, IN","Vigo County","IN","18"
8320,"TerreHaute","Terre Haute","18","18021","IN","Indiana","Terre Haute, IN","Clay County","IN","18"
3480,"Indianapolis","Indianapolis Area","18","18059","IN","Indiana","Indianapolis, IN","Hancock County","IN","18"
3480,"Indianapolis","Indianapolis Area","18","18011","IN","Indiana","Indianapolis, IN","Boone County","IN","18"
3480,"Indianapolis","Indianapolis Area","18","18057","IN","Indiana","Indianapolis, IN","Hamilton County","IN","18"
3480,"Indianapolis","Indianapolis Area","18","18095","IN","Indiana","Indianapolis, IN","Madison County","IN","18"
3480,"Indianapolis","Indianapolis Area","18","18063","IN","Indiana","Indianapolis, IN","Hendricks County","IN","18"
3480,"Indianapolis","Indianapolis Area","18","18097","IN","Indiana","Indianapolis, IN","Marion County","IN","18"
3480,"Indianapolis","Indianapolis Area","18","18109","IN","Indiana","Indianapolis, IN","Morgan County","IN","18"
3480,"Indianapolis","Indianapolis Area","18","18145","IN","Indiana","Indianapolis, IN","Shelby County","IN","18"
3480,"Indianapolis","Indianapolis Area","18","18081","IN","Indiana","Indianapolis, IN","Johnson County","IN","18"
4520,"Louisville","Louisville","18","18019","IN","Indiana","Louisville, IN/KY","Clark County","IN","18"
4520,"Louisville","Louisville","18","18043","IN","Indiana","Louisville, IN/KY","Floyd County","IN","18"
4520,"Louisville","Louisville","18","18061","IN","Indiana","Louisville, IN/KY","Harrison County","IN","18"
4520,"Louisville","Louisville","18","18143","IN","Indiana","Louisville, IN/KY","Scott County","IN","18"
2760,"FortWayne","Fort Wayne","18","18003","IN","Indiana","Fort Wayne, IN","Allen County","IN","18"
2760,"Fort Wayne","Fort Wayne","18","18183","IN","Indiana","Fort Wayne, IN","Whitley County","IN","18"
2760,"FortWayne","Fort Wayne","18","18179","IN","Indiana","Fort Wayne, IN","Wells County","IN","18"
2760,"FortWayne","Fort Wayne","18","18069","IN","Indiana","Fort Wayne, IN","Huntington County","IN","18"
2760,"FortWayne","Fort Wayne","18","18001","IN","Indiana","Fort Wayne, IN","Adams County","IN","18"
2760,"FortWayne","Fort Wayne","18","18033","IN","Indiana","Fort Wayne, IN","DeKalb County","IN","18"
1303,"Burlington","Burlington","50","50013","VT","Vermont","Burlington, VT","Grand Isle County","VT","50"
1303,"Burlington","Burlington","50","50011","VT","Vermont","Burlington, VT","Franklin County","VT","50"
1303,"Burlington","Burlington","50","50007","VT","Vermont","Burlington, VT","Chittenden County","VT","50"
4400,"Little Rock","Little Rock","05","05085","AR","Arkansas","Little Rock/North Little Rock, AR","Lonoke County","AR","05"
4400,"Little Rock","Little Rock","05","05045","AR","Arkansas","Little Rock/North Little Rock, AR","Faulkner County","AR","05"
4400,"Little Rock","Little Rock","05","05119","AR","Arkansas","Little Rock/North Little Rock, AR","Pulaski County","AR","05"
4400,"Little Rock","Little Rock","05","05125","AR","Arkansas","Little Rock/North Little Rock, AR","Saline County","AR","05"
4920,"Memphis","Memphis","05","05035","AR","Arkansas","Memphis, TN/AR/MS","Crittenden County","TN","47"
2080,"Denver","Denver","08","08059","CO","Colorado","Denver, CO","Jefferson County","CO","08"
2080,"Denver","Denver","08","08005","CO","Colorado","Denver, CO","Arapahoe County","CO","08"
2080,"Denver","Denver","08","08001","CO","Colorado","Denver, CO","Adams County","CO","08"
2080,"Denver","Denver","08","08031","CO","Colorado","Denver, CO","Denver County","CO","08"
2080,"Denver","Denver","08","08035","CO","Colorado","Denver, CO","Douglas County","CO","08"
1600,"Chicago","Chicagoland Area","17","17043","IL","Illinois","Chicago, IL","DuPage County","IL","17"
1600,"Chicago","Chicagoland Area","17","17037","IL","Illinois","Chicago, IL","DeKalb County","IL","17"
1600,"Chicago","Chicagoland Area","17","17111","IL","Illinois","Chicago, IL","McHenry County","IL","17"
1600,"Chicago","Chicagoland Area","17","17031","IL","Illinois","Chicago, IL","Cook County","IL","17"
1600,"Chicago","Chicagoland Area","17","17097","IL","Illinois","Chicago, IL","Lake County","IL","17"
1600,"Chicago","Chicagoland Area","17","17089","IL","Illinois","Chicago, IL","Kane County","IL","17"
1600,"Chicago","Chicagoland Area","17","17063","IL","Illinois","Chicago, IL","Grundy County","IL","17"
1600,"Chicago","Chicagoland Area","17","17197","IL","Illinois","Chicago, IL","Will County","IL","17"
1600,"Chicago","Chicagoland Area","17","17093","IL","Illinois","Chicago, IL","Kendall County","IL","17"
7040,"StLouis","St. Louis","17","17119","IL","Illinois","St. Louis, MO/IL","Madison County","IL","17"
7040,"StLouis","St. Louis","17","17083","IL","Illinois","St. Louis, MO/IL","Jersey County","IL","17"
7040,"StLouis","St. Louis","17","17027","IL","Illinois","St. Louis, MO/IL","Clinton County","IL","17"
7040,"StLouis","St. Louis","17","17133","IL","Illinois","St. Louis, MO/IL","Monroe County","IL","17"
7040,"StLouis","St. Louis","17","17163","IL","Illinois","St. Louis, MO/IL","St. Clair County","IL","17"
6880,"Rockford","Rockford","17","17201","IL","Illinois","Rockford, IL","Winnebago County","IL","17"
6880,"Rockford","Rockford","17","17007","IL","Illinois","Rockford, IL","Boone County","IL","17"
6880,"Rockford","Rockford","17","17141","IL","Illinois","Rockford, IL","Ogle County","IL","17"
6120,"PeoriaPekin","Peoria/Pekin","17","17203","IL","Illinois","Peoria/Pekin, IL","Woodford County","IL","17"
6120,"PeoriaPekin","Peoria/Pekin","17","17143","IL","Illinois","Peoria/Pekin, IL","Peoria County","IL","17"
6120,"PeoriaPekin","Peoria/Pekin","17","17179","IL","Illinois","Peoria/Pekin, IL","Tazewell County","IL","17"
3400,"HuntingtonAshland","Huntingon/Ashland","21","21089","KY","Kentucky","Huntingon/Ashland, WV/KY/OH","Greenup County","OH","39"
3400,"HuntingtonAshland","Huntingon/Ashland","21","21019","KY","Kentucky","Huntingon/Ashland, WV/KY/OH","Boyd County","OH","39"
1640,"Cincinnati","Cincinnati Area","21","21015","KY","Kentucky","Cincinnati, OH/KY/IN","Boone County","OH","39"
1640,"Cincinnati","Cincinnati Area","21","21191","KY","Kentucky","Cincinnati, OH/KY/IN","Pendleton County","OH","39"
1640,"Cincinnati","Cincinnati Area","21","21077","KY","Kentucky","Cincinnati, OH/KY/IN","Gallatin County","OH","39"
1640,"Cincinnati","Cincinnati Area","21","21037","KY","Kentucky","Cincinnati, OH/KY/IN","Campbell County","OH","39"
1640,"Cincinnati","Cincinnati Area","21","21081","KY","Kentucky","Cincinnati, OH/KY/IN","Grant County","OH","39"
1640,"Cincinnati","Cincinnati Area","21","21117","KY","Kentucky","Cincinnati, OH/KY/IN","Kenton County","OH","39"
1660,"Clarksville","Clarksville","21","21047","KY","Kentucky","Clarksville/Hopkinsville, TN/KY","Christian County","TN","47"
4520,"Louisville","Louisville","21","21111","KY","Kentucky","Louisville, IN/KY","Jefferson County","IN","18"
4520,"Louisville","Louisville","21","21029","KY","Kentucky","Louisville, IN/KY","Bullitt County","IN","18"
4520,"Louisville","Louisville","21","21185","KY","Kentucky","Louisville, IN/KY","Oldham County","IN","18"
4280,"Lexington","Lexington","21","21239","KY","Kentucky","Lexington, KY","Woodford County","KY","21"
4280,"Lexington","Lexington","21","21113","KY","Kentucky","Lexington, KY","Jessamine County","KY","21"
4280,"Lexington","Lexington","21","21067","KY","Kentucky","Lexington, KY","Fayette County","KY","21"
4280,"Lexington","Lexington","21","21017","KY","Kentucky","Lexington, KY","Bourbon County","KY","21"
4280,"Lexington","Lexington","21","21209","KY","Kentucky","Lexington, KY","Scott County","KY","21"
4280,"Lexington","Lexington","21","21151","KY","Kentucky","Lexington, KY","Madison County","KY","21"
4280,"Lexington","Lexington","21","21049","KY","Kentucky","Lexington, KY","Clark County","KY","21"
1900,"Cumberland","Cumberland","24","24001","MD","Maryland","Cumberland, MD/WV","Allegany County","MD","24"
8840,"DC","Greater DC Area","24","24021","MD","Maryland","Washington, DC/MD/VA/WV","Frederick County","DC","11"
8840,"DC","Greater DC Area","24","24033","MD","Maryland","Washington, DC/MD/VA/WV","Prince George's County","DC","11"
8840,"DC","Greater DC Area","24","24017","MD","Maryland","Washington, DC/MD/VA/WV","Charles County","DC","11"
8840,"DC","Greater DC Area","24","24031","MD","Maryland","Washington, DC/MD/VA/WV","Montgomery County","DC","11"
8840,"DC","Greater DC Area","24","24009","MD","Maryland","Washington, DC/MD/VA/WV","Calvert County","DC","11"
720,"Baltimore","Greater Baltimore","24","24510","MD","Maryland","Baltimore, MD","Baltimore city","MD","24"
720,"Baltimore","Greater Baltimore","24","24005","MD","Maryland","Baltimore, MD","Baltimore County","MD","24"
720,"Baltimore","Greater Baltimore","24","24027","MD","Maryland","Baltimore, MD","Howard County","MD","24"
720,"Baltimore","Greater Baltimore","24","24025","MD","Maryland","Baltimore, MD","Harford County","MD","24"
720,"Baltimore","Greater Baltimore","24","24013","MD","Maryland","Baltimore, MD","Carroll County","MD","24"
720,"Baltimore","Greater Baltimore","24","24035","MD","Maryland","Baltimore, MD","Queen Anne's County","MD","24"
720,"Baltimore","Greater Baltimore","24","24003","MD","Maryland","Baltimore, MD","Anne Arundel County","MD","24"
6960,"Saginaw","Saginaw Area","26","26017","MI","Michigan","Saginaw/Bay City/Midland, MI","Bay County","MI","26"
6960,"Saginaw","Saginaw Area","26","26111","MI","Michigan","Saginaw/Bay City/Midland, MI","Midland County","MI","26"
6960,"Saginaw","Saginaw Area","26","26145","MI","Michigan","Saginaw/Bay City/Midland, MI","Saginaw County","MI","26"
2160,"Detroit","Detroit Area","26","26147","MI","Michigan","Detroit, MI","St. Clair County","MI","26"
2160,"Detroit","Detroit Area","26","26099","MI","Michigan","Detroit, MI","Macomb County","MI","26"
2160,"Detroit","Detroit Area","26","26087","MI","Michigan","Detroit, MI","Lapeer County","MI","26"
2160,"Detroit","Detroit Area","26","26163","MI","Michigan","Detroit, MI","Wayne County","MI","26"
2160,"Detroit","Detroit Area","26","26125","MI","Michigan","Detroit, MI","Oakland County","MI","26"
2160,"Detroit","Detroit Area","26","26115","MI","Michigan","Detroit, MI","Monroe County","MI","26"
3720,"Kalamazoo","Kalamazoo/Battle Creek","26","26077","MI","Michigan","Kalamazoo/Battle Creek, MI","Kalamazoo County","MI","26"
3720,"Kalamazoo","Kalamazoo/Battle Creek","26","26159","MI","Michigan","Kalamazoo/Battle Creek, MI","Van Buren County","MI","26"
3720,"Kalamazoo","Kalamazoo/Battle Creek","26","26025","MI","Michigan","Kalamazoo/Battle Creek, MI","Calhoun County","MI","26"
440,"AnnArbor","Ann Arbor Area","26","26161","MI","Michigan","Ann Arbor, MI","Washtenaw County","MI","26"
440,"AnnArbor","Ann Arbor Area","26","26091","MI","Michigan","Ann Arbor, MI","Lenawee County","MI","26"
440,"AnnArbor","Ann Arbor Area","26","26093","MI","Michigan","Ann Arbor, MI","Livingston County","MI","26"
3000,"GrandRapids","Grand Rapids Area","26","26139","MI","Michigan","Grand Rapids/Muskegon/Holland, MI","Ottawa County","MI","26"
3000,"GrandRapids","Grand Rapids Area","26","26005","MI","Michigan","Grand Rapids/Muskegon/Holland, MI","Allegan County","MI","26"
3000,"GrandRapids","Grand Rapids Area","26","26121","MI","Michigan","Grand Rapids/Muskegon/Holland, MI","Muskegon County","MI","26"
3000,"GrandRapids","Grand Rapids Area","26","26081","MI","Michigan","Grand Rapids/Muskegon/Holland, MI","Kent County","MI","26"
4040,"Lansing","Lansing Area","26","26037","MI","Michigan","Lansing/East Lansing, MI","Clinton County","MI","26"
4040,"Lansing","Lansing Area","26","26065","MI","Michigan","Lansing/East Lansing, MI","Ingham County","MI","26"
4040,"Lansing","Lansing Area","26","26045","MI","Michigan","Lansing/East Lansing, MI","Eaton County","MI","26"
7040,"StLouis","St. Louis","29","29219","MO","Missouri","St. Louis, MO/IL","Warren County","IL","17"
7040,"StLouis","St. Louis","29","29183","MO","Missouri","St. Louis, MO/IL","St. Charles County","IL","17"
7040,"StLouis","St. Louis","29","29510","MO","Missouri","St. Louis, MO/IL","St. Louis city","IL","17"
7040,"StLouis","St. Louis","29","29113","MO","Missouri","St. Louis, MO/IL","Lincoln County","IL","17"
7040,"StLouis","St. Louis","29","29099","MO","Missouri","St. Louis, MO/IL","Jefferson County","IL","17"
7040,"StLouis","St. Louis","29","29189","MO","Missouri","St. Louis, MO/IL","St. Louis County","IL","17"
7040,"StLouis","St. Louis","29","29071","MO","Missouri","St. Louis, MO/IL","Franklin County","IL","17"
3760,"KansasCity","Kansas City Area","29","29049","MO","Missouri","Kansas City, MO/KS","Clinton County","MO","29"
3760,"KansasCity","Kansas City Area","29","29177","MO","Missouri","Kansas City, MO/KS","Ray County","MO","29"
3760,"KansasCity","Kansas City Area","29","29165","MO","Missouri","Kansas City, MO/KS","Platte County","MO","29"
3760,"KansasCity","Kansas City Area","29","29095","MO","Missouri","Kansas City, MO/KS","Jackson County","MO","29"
3760,"KansasCity","Kansas City Area","29","29107","MO","Missouri","Kansas City, MO/KS","Lafayette County","MO","29"
3760,"KansasCity","Kansas City Area","29","29047","MO","Missouri","Kansas City, MO/KS","Clay County","MO","29"
3760,"KansasCity","Kansas City Area","29","29037","MO","Missouri","Kansas City, MO/KS","Cass County","MO","29"
7920,"Springfield_MO","Springfield, MO","29","29077","MO","Missouri","Springfield, MO","Greene County","MO","29"
7920,"Springfield_MO","Springfield, MO","29","29225","MO","Missouri","Springfield, MO","Webster County","MO","29"
7920,"Springfield_MO","Springfield, MO","29","29043","MO","Missouri","Springfield, MO","Christian County","MO","29"
5920,"Omaha","Omaha","31","31025","NE","Nebraska","Omaha, NE/IA","Cass County","NE","31"
5920,"Omaha","Omaha","31","31055","NE","Nebraska","Omaha, NE/IA","Douglas County","NE","31"
5920,"Omaha","Omaha","31","31153","NE","Nebraska","Omaha, NE/IA","Sarpy County","NE","31"
5920,"Omaha","Omaha","31","31177","NE","Nebraska","Omaha, NE/IA","Washington County","NE","31"
1280,"BuffaloNiagara","Buffalo Area","36","36029","NY","New York","Buffalo/Niagara Falls, NY","Erie County","NY","36"
1280,"BuffaloNiagara","Buffalo Area","36","36063","NY","New York","Buffalo/Niagara Falls, NY","Niagara County","NY","36"
1050,"NYC","New York City","36","36081","NY","New York","Queens","Queens County","NY","36"
1050,"NYC","New York City","36","36047","NY","New York","Kings","Kings County","NY","36"
1050,"NYC","New York City","36","36085","NY","New York","Richmond","Richmond County","NY","36"
1050,"NYC","New York City","36","36005","NY","New York","Bronx","Bronx County","NY","36"
1050,"NYC","New York City","36","36061","NY","New York","New York","New York County","NY","36"
160,"AlbanyNY","Albany (NY) Area","36","36093","NY","New York","Albany/Schenectady/Troy, NY","Schenectady County","NY","36"
160,"AlbanyNY","Albany (NY) Area","36","36095","NY","New York","Albany/Schenectady/Troy, NY","Schoharie County","NY","36"
160,"AlbanyNY","Albany (NY) Area","36","36083","NY","New York","Albany/Schenectady/Troy, NY","Rensselaer County","NY","36"
160,"AlbanyNY","Albany (NY) Area","36","36057","NY","New York","Albany/Schenectady/Troy, NY","Montgomery County","NY","36"
160,"AlbanyNY","Albany (NY) Area","36","36001","NY","New York","Albany/Schenectady/Troy, NY","Albany County","NY","36"
160,"AlbanyNY","Albany (NY) Area","36","36091","NY","New York","Albany/Schenectady/Troy, NY","Saratoga County","NY","36"
6840,"Rochester","Rochester","36","36037","NY","New York","Rochester, NY","Genesee County","NY","36"
6840,"Rochester","Rochester","36","36069","NY","New York","Rochester, NY","Ontario County","NY","36"
6840,"Rochester","Rochester","36","36073","NY","New York","Rochester, NY","Orleans County","NY","36"
6840,"Rochester","Rochester","36","36051","NY","New York","Rochester, NY","Livingston County","NY","36"
6840,"Rochester","Rochester","36","36055","NY","New York","Rochester, NY","Monroe County","NY","36"
6840,"Rochester","Rochester","36","36117","NY","New York","Rochester, NY","Wayne County","NY","36"
960,"Binghamton","Binghamton","36","36007","NY","New York","Binghamton, NY","Broome County","NY","36"
960,"Binghamton","Binghamton","36","36107","NY","New York","Binghamton, NY","Tioga County","NY","36"
8160,"Syracuse","Syracuse","36","36011","NY","New York","Syracuse, NY","Cayuga County","NY","36"
8160,"Syracuse","Syracuse","36","36053","NY","New York","Syracuse, NY","Madison County","NY","36"
8160,"Syracuse","Syracuse","36","36067","NY","New York","Syracuse, NY","Onondaga County","NY","36"
8160,"Syracuse","Syracuse","36","36075","NY","New York","Syracuse, NY","Oswego County","NY","36"
8560,"Tulsa","Tulsa","40","40143","OK","Oklahoma","Tulsa, OK","Tulsa County","OK","40"
8560,"Tulsa","Tulsa","40","40131","OK","Oklahoma","Tulsa, OK","Rogers County","OK","40"
8560,"Tulsa","Tulsa","40","40145","OK","Oklahoma","Tulsa, OK","Wagoner County","OK","40"
8560,"Tulsa","Tulsa","40","40113","OK","Oklahoma","Tulsa, OK","Osage County","OK","40"
8560,"Tulsa","Tulsa","40","40037","OK","Oklahoma","Tulsa, OK","Creek County","OK","40"
5880,"OklahomaCity","Oklahoma City","40","40125","OK","Oklahoma","Oklahoma City, OK","Pottawatomie County","OK","40"
5880,"OklahomaCity","Oklahoma City","40","40087","OK","Oklahoma","Oklahoma City, OK","McClain County","OK","40"
5880,"OklahomaCity","Oklahoma City","40","40083","OK","Oklahoma","Oklahoma City, OK","Logan County","OK","40"
5880,"OklahomaCity","Oklahoma City","40","40027","OK","Oklahoma","Oklahoma City, OK","Cleveland County","OK","40"
5880,"OklahomaCity","Oklahoma City","40","40109","OK","Oklahoma","Oklahoma City, OK","Oklahoma County","OK","40"
5880,"OklahomaCity","Oklahoma City","40","40017","OK","Oklahoma","Oklahoma City, OK","Canadian County","OK","40"
1540,"Charlottesville","Charlottesville","51","51003","VA","Virginia","Charlottesville, VA","Albemarle County","VA","51"
1540,"Charlottesville","Charlottesville","51","51079","VA","Virginia","Charlottesville, VA","Greene County","VA","51"
1540,"Charlottesville","Charlottesville","51","51065","VA","Virginia","Charlottesville, VA","Fluvanna County","VA","51"
1540,"Charlottesville","Charlottesville","51","51540","VA","Virginia","Charlottesville, VA","Charlottesville city","VA","51"
4640,"Lynchburg","Lynchburg","51","51680","VA","Virginia","Lynchburg, VA","Lynchburg city","VA","51"
4640,"Lynchburg","Lynchburg","51","51009","VA","Virginia","Lynchburg, VA","Amherst County","VA","51"
4640,"Lynchburg","Lynchburg","51","51019","VA","Virginia","Lynchburg, VA","Bedford County","VA","51"
4640,"Lynchburg","Lynchburg","51","51031","VA","Virginia","Lynchburg, VA","Campbell County","VA","51"
3660,"JohnsonCity","Johnson City/Kingsport/Bristol","51","51169","VA","Virginia","Johnson City/Kingsport/Bristol, TN/VA","Scott County","TN","47"
3660,"JohnsonCity","Johnson City/Kingsport/Bristol","51","51191","VA","Virginia","Johnson City/Kingsport/Bristol, TN/VA","Washington County","TN","47"
3660,"JohnsonCity","Johnson City/Kingsport/Bristol","51","51520","VA","Virginia","Johnson City/Kingsport/Bristol, TN/VA","Bristol city","TN","47"
5720,"NorfolkVA","Norfolk Area","51","51650","VA","Virginia","Norfolk/Virginia Beach/Newport News, VA/NC","Hampton city","VA","51"
5720,"NorfolkVA","Norfolk Area","51","51199","VA","Virginia","Norfolk/Virginia Beach/Newport News, VA/NC","York County","VA","51"
5720,"NorfolkVA","Norfolk Area","51","51093","VA","Virginia","Norfolk/Virginia Beach/Newport News, VA/NC","Isle of Wight County","VA","51"
5720,"NorfolkVA","Norfolk Area","51","51830","VA","Virginia","Norfolk/Virginia Beach/Newport News, VA/NC","Williamsburg city","VA","51"
5720,"NorfolkVA","Norfolk Area","51","51800","VA","Virginia","Norfolk/Virginia Beach/Newport News, VA/NC","Suffolk city","VA","51"
5720,"NorfolkVA","Norfolk Area","51","51095","VA","Virginia","Norfolk/Virginia Beach/Newport News, VA/NC","James City County","VA","51"
5720,"NorfolkVA","Norfolk Area","51","51073","VA","Virginia","Norfolk/Virginia Beach/Newport News, VA/NC","Gloucester County","VA","51"
5720,"NorfolkVA","Norfolk Area","51","51735","VA","Virginia","Norfolk/Virginia Beach/Newport News, VA/NC","Poquoson city","VA","51"
5720,"NorfolkVA","Norfolk Area","51","51810","VA","Virginia","Norfolk/Virginia Beach/Newport News, VA/NC","Virginia Beach city","VA","51"
5720,"NorfolkVA","Norfolk Area","51","51740","VA","Virginia","Norfolk/Virginia Beach/Newport News, VA/NC","Portsmouth city","VA","51"
5720,"NorfolkVA","Norfolk Area","51","51550","VA","Virginia","Norfolk/Virginia Beach/Newport News, VA/NC","Chesapeake city","VA","51"
5720,"NorfolkVA","Norfolk Area","51","51115","VA","Virginia","Norfolk/Virginia Beach/Newport News, VA/NC","Mathews County","VA","51"
5720,"NorfolkVA","Norfolk Area","51","51710","VA","Virginia","Norfolk/Virginia Beach/Newport News, VA/NC","Norfolk city","VA","51"
5720,"NorfolkVA","Norfolk Area","51","51700","VA","Virginia","Norfolk/Virginia Beach/Newport News, VA/NC","Newport News city","VA","51"
6760,"RichmondPetersburg","Richmond/Petersburg","51","51570","VA","Virginia","Richmond/Petersburg, VA","Colonial Heights city","VA","51"
6760,"RichmondPetersburg","Richmond/Petersburg","51","51087","VA","Virginia","Richmond/Petersburg, VA","Henrico County","VA","51"
6760,"RichmondPetersburg","Richmond/Petersburg","51","51145","VA","Virginia","Richmond/Petersburg, VA","Powhatan County","VA","51"
6760,"RichmondPetersburg","Richmond/Petersburg","51","51760","VA","Virginia","Richmond/Petersburg, VA","Richmond city","VA","51"
6760,"RichmondPetersburg","Richmond/Petersburg","51","51075","VA","Virginia","Richmond/Petersburg, VA","Goochland County","VA","51"
6760,"RichmondPetersburg","Richmond/Petersburg","51","51041","VA","Virginia","Richmond/Petersburg, VA","Chesterfield County","VA","51"
6760,"RichmondPetersburg","Richmond/Petersburg","51","51085","VA","Virginia","Richmond/Petersburg, VA","Hanover County","VA","51"
6760,"RichmondPetersburg","Richmond/Petersburg","51","51149","VA","Virginia","Richmond/Petersburg, VA","Prince George County","VA","51"
6760,"RichmondPetersburg","Richmond/Petersburg","51","51036","VA","Virginia","Richmond/Petersburg, VA","Charles City County","VA","51"
6760,"RichmondPetersburg","Richmond/Petersburg","51","51127","VA","Virginia","Richmond/Petersburg, VA","New Kent County","VA","51"
6760,"RichmondPetersburg","Richmond/Petersburg","51","51730","VA","Virginia","Richmond/Petersburg, VA","Petersburg city","VA","51"
6760,"RichmondPetersburg","Richmond/Petersburg","51","51053","VA","Virginia","Richmond/Petersburg, VA","Dinwiddie County","VA","51"
6760,"RichmondPetersburg","Richmond/Petersburg","51","51670","VA","Virginia","Richmond/Petersburg, VA","Hopewell city","VA","51"
8840,"DC","Greater DC Area","51","51600","VA","Virginia","Washington, DC/MD/VA/WV","Fairfax city","DC","11"
8840,"DC","Greater DC Area","51","51510","VA","Virginia","Washington, DC/MD/VA/WV","Alexandria city","DC","11"
8840,"DC","Greater DC Area","51","51685","VA","Virginia","Washington, DC/MD/VA/WV","Manassas Park city","DC","11"
8840,"DC","Greater DC Area","51","51059","VA","Virginia","Washington, DC/MD/VA/WV","Fairfax County","DC","11"
8840,"DC","Greater DC Area","51","51187","VA","Virginia","Washington, DC/MD/VA/WV","Warren County","DC","11"
8840,"DC","Greater DC Area","51","51013","VA","Virginia","Washington, DC/MD/VA/WV","Arlington County","DC","11"
8840,"DC","Greater DC Area","51","51630","VA","Virginia","Washington, DC/MD/VA/WV","Fredericksburg city","DC","11"
8840,"DC","Greater DC Area","51","51153","VA","Virginia","Washington, DC/MD/VA/WV","Prince William County","DC","11"
8840,"DC","Greater DC Area","51","51107","VA","Virginia","Washington, DC/MD/VA/WV","Loudoun County","DC","11"
8840,"DC","Greater DC Area","51","51043","VA","Virginia","Washington, DC/MD/VA/WV","Clarke County","DC","11"
8840,"DC","Greater DC Area","51","51179","VA","Virginia","Washington, DC/MD/VA/WV","Stafford County","DC","11"
8840,"DC","Greater DC Area","51","51683","VA","Virginia","Washington, DC/MD/VA/WV","Manassas city","DC","11"
8840,"DC","Greater DC Area","51","51061","VA","Virginia","Washington, DC/MD/VA/WV","Fauquier County","DC","11"
8840,"DC","Greater DC Area","51","51610","VA","Virginia","Washington, DC/MD/VA/WV","Falls Church city","DC","11"
8840,"DC","Greater DC Area","51","51177","VA","Virginia","Washington, DC/MD/VA/WV","Spotsylvania County","DC","11"
6800,"Roanoke","Roanoke","51","51023","VA","Virginia","Roanoke, VA","Botetourt County","VA","51"
6800,"Roanoke","Roanoke","51","51161","VA","Virginia","Roanoke, VA","Roanoke County","VA","51"
6800,"Roanoke","Roanoke","51","51770","VA","Virginia","Roanoke, VA","Roanoke city","VA","51"
6800,"Roanoke","Roanoke","51","51775","VA","Virginia","Roanoke, VA","Salem city","VA","51"
220,"Alexandria","Alexandria Area","22","22079","LA","Louisiana","Alexandria, LA","Rapides Parish","LA","22"
7680,"Shreveport","Shreveport","22","22015","LA","Louisiana","Shreveport/Bossier City, LA","Bossier Parish","LA","22"
7680,"Shreveport","Shreveport","22","22017","LA","Louisiana","Shreveport/Bossier City, LA","Caddo Parish","LA","22"
7680,"Shreveport","Shreveport","22","22119","LA","Louisiana","Shreveport/Bossier City, LA","Webster Parish","LA","22"
3880,"Lafayette","Lafayette (LA)","22","22001","LA","Louisiana","Lafayette, LA","Acadia Parish","LA","22"
3880,"Lafayette","Lafayette (LA)","22","22099","LA","Louisiana","Lafayette, LA","St. Martin Parish","LA","22"
3880,"Lafayette","Lafayette (LA)","22","22097","LA","Louisiana","Lafayette, LA","St. Landry Parish","LA","22"
3880,"Lafayette","Lafayette (LA)","22","22055","LA","Louisiana","Lafayette, LA","Lafayette Parish","LA","22"
5560,"NewOrleans","New Orleans","22","22093","LA","Louisiana","New Orleans, LA","St. James Parish","LA","22"
5560,"NewOrleans","New Orleans","22","22071","LA","Louisiana","New Orleans, LA","Orleans Parish","LA","22"
5560,"NewOrleans","New Orleans","22","22075","LA","Louisiana","New Orleans, LA","Plaquemines Parish","LA","22"
5560,"NewOrleans","New Orleans","22","22095","LA","Louisiana","New Orleans, LA","St. John the Baptist Parish","LA","22"
5560,"NewOrleans","New Orleans","22","22087","LA","Louisiana","New Orleans, LA","St. Bernard Parish","LA","22"
5560,"NewOrleans","New Orleans","22","22089","LA","Louisiana","New Orleans, LA","St. Charles Parish","LA","22"
5560,"NewOrleans","New Orleans","22","22103","LA","Louisiana","New Orleans, LA","St. Tammany Parish","LA","22"
5560,"NewOrleans","New Orleans","22","22051","LA","Louisiana","New Orleans, LA","Jefferson Parish","LA","22"
760,"BatonRouge","Baton Rouge","22","22121","LA","Louisiana","Baton Rouge, LA","West Baton Rouge Parish","LA","22"
760,"BatonRouge","Baton Rouge","22","22063","LA","Louisiana","Baton Rouge, LA","Livingston Parish","LA","22"
760,"BatonRouge","Baton Rouge","22","22033","LA","Louisiana","Baton Rouge, LA","East Baton Rouge Parish","LA","22"
5120,"MinneapolisStPaul","Minneapolis/St. Paul","27","27141","MN","Minnesota","Minneapolis/St. Paul, MN/WI","Sherburne County","MN","27"
5120,"MinneapolisStPaul","Minneapolis/St. Paul","27","27053","MN","Minnesota","Minneapolis/St. Paul, MN/WI","Hennepin County","MN","27"
5120,"MinneapolisStPaul","Minneapolis/St. Paul","27","27059","MN","Minnesota","Minneapolis/St. Paul, MN/WI","Isanti County","MN","27"
5120,"MinneapolisStPaul","Minneapolis/St. Paul","27","27171","MN","Minnesota","Minneapolis/St. Paul, MN/WI","Wright County","MN","27"
5120,"MinneapolisStPaul","Minneapolis/St. Paul","27","27037","MN","Minnesota","Minneapolis/St. Paul, MN/WI","Dakota County","MN","27"
5120,"MinneapolisStPaul","Minneapolis/St. Paul","27","27139","MN","Minnesota","Minneapolis/St. Paul, MN/WI","Scott County","MN","27"
5120,"MinneapolisStPaul","Minneapolis/St. Paul","27","27025","MN","Minnesota","Minneapolis/St. Paul, MN/WI","Chisago County","MN","27"
5120,"MinneapolisStPaul","Minneapolis/St. Paul","27","27003","MN","Minnesota","Minneapolis/St. Paul, MN/WI","Anoka County","MN","27"
5120,"MinneapolisStPaul","Minneapolis/St. Paul","27","27163","MN","Minnesota","Minneapolis/St. Paul, MN/WI","Washington County","MN","27"
5120,"MinneapolisStPaul","Minneapolis/St. Paul","27","27019","MN","Minnesota","Minneapolis/St. Paul, MN/WI","Carver County","MN","27"
5120,"MinneapolisStPaul","Minneapolis/St. Paul","27","27123","MN","Minnesota","Minneapolis/St. Paul, MN/WI","Ramsey County","MN","27"
3840,"Knoxville","Knoxville","47","47173","TN","Tennessee","Knoxville, TN","Union County","TN","47"
3840,"Knoxville","Knoxville","47","47155","TN","Tennessee","Knoxville, TN","Sevier County","TN","47"
3840,"Knoxville","Knoxville","47","47009","TN","Tennessee","Knoxville, TN","Blount County","TN","47"
3840,"Knoxville","Knoxville","47","47093","TN","Tennessee","Knoxville, TN","Knox County","TN","47"
3840,"Knoxville","Knoxville","47","47001","TN","Tennessee","Knoxville, TN","Anderson County","TN","47"
3840,"Knoxville","Knoxville","47","47105","TN","Tennessee","Knoxville, TN","Loudon County","TN","47"
1560,"Chattanooga","Chattanooga","47","47065","TN","Tennessee","Chattanooga, TN/GA","Hamilton County","TN","47"
4920,"Memphis","Memphis","47","47047","TN","Tennessee","Memphis, TN/AR/MS","Fayette County","TN","47"
4920,"Memphis","Memphis","47","47167","TN","Tennessee","Memphis, TN/AR/MS","Tipton County","TN","47"
4920,"Memphis","Memphis","47","47157","TN","Tennessee","Memphis, TN/AR/MS","Shelby County","TN","47"
3660,"JohnsonCity","Johnson City/Kingsport/Bristol","47","47163","TN","Tennessee","Johnson City/Kingsport/Bristol, TN/VA","Sullivan County","TN","47"
3660,"JohnsonCity","Johnson City/Kingsport/Bristol","47","47073","TN","Tennessee","Johnson City/Kingsport/Bristol, TN/VA","Hawkins County","TN","47"
3660,"JohnsonCity","Johnson City/Kingsport/Bristol","47","47179","TN","Tennessee","Johnson City/Kingsport/Bristol, TN/VA","Washington County","TN","47"
3660,"JohnsonCity","Johnson City/Kingsport/Bristol","47","47171","TN","Tennessee","Johnson City/Kingsport/Bristol, TN/VA","Unicoi County","TN","47"
3660,"JohnsonCity","Johnson City/Kingsport/Bristol","47","47019","TN","Tennessee","Johnson City/Kingsport/Bristol, TN/VA","Carter County","TN","47"
1660,"Clarksville","Clarksville","47","47125","TN","Tennessee","Clarksville/Hopkinsville, TN/KY","Montgomery County","TN","47"
5360,"Nashville","Nashville","47","47037","TN","Tennessee","Nashville, TN","Davidson County","TN","47"
5360,"Nashville","Nashville","47","47149","TN","Tennessee","Nashville, TN","Rutherford County","TN","47"
5360,"Nashville","Nashville","47","47165","TN","Tennessee","Nashville, TN","Sumner County","TN","47"
5360,"Nashville","Nashville","47","47187","TN","Tennessee","Nashville, TN","Williamson County","TN","47"
5360,"Nashville","Nashville","47","47021","TN","Tennessee","Nashville, TN","Cheatham County","TN","47"
5360,"Nashville","Nashville","47","47147","TN","Tennessee","Nashville, TN","Robertson County","TN","47"
5360,"Nashville","Nashville","47","47043","TN","Tennessee","Nashville, TN","Dickson County","TN","47"
5360,"Nashville","Nashville","47","47189","TN","Tennessee","Nashville, TN","Wilson County","TN","47"
5120,"MinneapolisStPaul","Minneapolis/St. Paul","55","55093","WI","Wisconsin","Minneapolis/St. Paul, MN/WI","Pierce County","MN","27"
5120,"MinneapolisStPaul","Minneapolis/St. Paul","55","55109","WI","Wisconsin","Minneapolis/St. Paul, MN/WI","St. Croix County","MN","27"
460,"Appleton","Appleton","55","55015","WI","Wisconsin","Appleton/Oshkosh/Neenah, WI","Calumet County","WI","55"
460,"Appleton","Appleton","55","55087","WI","Wisconsin","Appleton/Oshkosh/Neenah, WI","Outagamie County","WI","55"
460,"Appleton","Appleton","55","55139","WI","Wisconsin","Appleton/Oshkosh/Neenah, WI","Winnebago County","WI","55"
5080,"Milwaukee","Milwaukee Area","55","55079","WI","Wisconsin","Milwaukee/Waukesha, WI","Milwaukee County","WI","55"
5080,"Milwaukee","Milwaukee Area","55","55089","WI","Wisconsin","Milwaukee/Waukesha, WI","Ozaukee County","WI","55"
5080,"Milwaukee","Milwaukee Area","55","55133","WI","Wisconsin","Milwaukee/Waukesha, WI","Waukesha County","WI","55"
5080,"Milwaukee","Milwaukee Area","55","55131","WI","Wisconsin","Milwaukee/Waukesha, WI","Washington County","WI","55"
6920,"Sacramento","Sacramento Area","06","06067","CA","California","Sacramento, CA","Sacramento County","CA","06"
6920,"Sacramento","Sacramento Area","06","06017","CA","California","Sacramento, CA","El Dorado County","CA","06"
6920,"Sacramento","Sacramento Area","06","06061","CA","California","Sacramento, CA","Placer County","CA","06"
1040,"BayArea","Bay Area","06","06075","CA","California","San Francisco","San Francisco County","CA","06"
1040,"BayArea","Bay Area","06","06081","CA","California","San Mateo","San Mateo County","CA","06"
1040,"BayArea","Bay Area","06","06013","CA","California","Contra Costa","Contra Costa County","CA","06"
1040,"BayArea","Bay Area","06","06001","CA","California","Alameda","Alameda County","CA","06"
1040,"BayArea","Bay Area","06","06041","CA","California","Marin","Marin County","CA","06"
1040,"BayArea","Bay Area","06","06085","CA","California","Santa Clara","Santa Clara County","CA","06"
5640,"Newark","Newark","34","34013","NJ","New Jersey","Newark, NJ","Essex County","NJ","34"
5640,"Newark","Newark","34","34037","NJ","New Jersey","Newark, NJ","Sussex County","NJ","34"
5640,"Newark","Newark","34","34041","NJ","New Jersey","Newark, NJ","Warren County","NJ","34"
5640,"Newark","Newark","34","34039","NJ","New Jersey","Newark, NJ","Union County","NJ","34"
5640,"Newark","Newark","34","34027","NJ","New Jersey","Newark, NJ","Morris County","NJ","34"
6160,"Philly","Philadelphia","34","34005","NJ","New Jersey","Philadelphia, PA/NJ","Burlington County","PA","42"
6160,"Philly","Philadelphia","34","34015","NJ","New Jersey","Philadelphia, PA/NJ","Gloucester County","PA","42"
6160,"Philly","Philadelphia","34","34007","NJ","New Jersey","Philadelphia, PA/NJ","Camden County","PA","42"
6160,"Philly","Philadelphia","34","34033","NJ","New Jersey","Philadelphia, PA/NJ","Salem County","PA","42"
560,"AtlanticMay","Atlantic/Cape May","34","34001","NJ","New Jersey","Atlantic/Cape May, NJ","Atlantic County","NJ","34"
560,"AtlanticMay","Atlantic/Cape May","34","34009","NJ","New Jersey","Atlantic/Cape May, NJ","Cape May County","NJ","34"
875,"Bergen","Bergen/Passaic","34","34003","NJ","New Jersey","Bergen/Passaic, NJ","Bergen County","NJ","34"
875,"Bergen","Bergen/Passaic","34","34031","NJ","New Jersey","Bergen/Passaic, NJ","Passaic County","NJ","34"
5015,"MiddlesexNJ","Middlesex Area","34","34023","NJ","New Jersey","Middlesex/Somerset/Hunterdon, NJ","Middlesex County","NJ","34"
5015,"MiddlesexNJ","Middlesex Area","34","34035","NJ","New Jersey","Middlesex/Somerset/Hunterdon, NJ","Somerset County","NJ","34"
5015,"MiddlesexNJ","Middlesex Area","34","34019","NJ","New Jersey","Middlesex/Somerset/Hunterdon, NJ","Hunterdon County","NJ","34"
200,"Albuquerque","Albuquerque Area","35","35001","NM","New Mexico","Albuquerque, NM","Bernalillo County","NM","35"
200,"Albuquerque","Albuquerque Area","35","35043","NM","New Mexico","Albuquerque, NM","Sandoval County","NM","35"
200,"Albuquerque","Albuquerque Area","35","35061","NM","New Mexico","Albuquerque, NM","Valencia County","NM","35"
6440,"Portland","Portland","53","53011","WA","Washington","Portland/Vancouver, OR/WA","Clark County","OR","41"
7600,"Seattle","Seattle Area","53","53033","WA","Washington","Seattle/Bellevue/Everett, WA","King County","WA","53"
7600,"Seattle","Seattle Area","53","53061","WA","Washington","Seattle/Bellevue/Everett, WA","Snohomish County","WA","53"
7600,"Seattle","Seattle Area","53","53029","WA","Washington","Seattle/Bellevue/Everett, WA","Island County","WA","53"
3283,"Hartford","Greater Hartford Area","09","09003","CT","Connecticut","Hartford, CT","Hartford County","CT","09"
3283,"Hartford","Greater Hartford Area","09","09013","CT","Connecticut","Hartford, CT","Tolland County","CT","09"
3283,"Hartford","Greater Hartford Area","09","09007","CT","Connecticut","Hartford, CT","Middlesex County","CT","09"
4920,"Memphis","Memphis","28","28033","MS","Mississippi","Memphis, TN/AR/MS","DeSoto County","TN","47"
920,"Biloxi","Biloxi/Gulfport/Pascogoula","28","28045","MS","Mississippi","Biloxi/Gulfport/Pascogoula, MS","Hancock County","MS","28"
920,"Biloxi","Biloxi/Gulfport/Pascogoula","28","28047","MS","Mississippi","Biloxi/Gulfport/Pascogoula, MS","Harrison County","MS","28"
920,"Biloxi","Biloxi/Gulfport/Pascogoula","28","28059","MS","Mississippi","Biloxi/Gulfport/Pascogoula, MS","Jackson County","MS","28"
3560,"Jackson","Jackson","28","28089","MS","Mississippi","Jackson, MS","Madison County","MS","28"
3560,"Jackson","Jackson","28","28049","MS","Mississippi","Jackson, MS","Hinds County","MS","28"
3560,"Jackson","Jackson","28","28121","MS","Mississippi","Jackson, MS","Rankin County","MS","28"
1010,"Bismarck","Bismarck","38","38059","ND","North Dakota","Bismarck, ND","Morton County","ND","38"
1010,"Bismarck","Bismarck","38","38015","ND","North Dakota","Bismarck, ND","Burleigh County","ND","38"
6160,"Philly","Philadelphia","42","42091","PA","Pennsylvania","Philadelphia, PA/NJ","Montgomery County","PA","42"
6160,"Philly","Philadelphia","42","42017","PA","Pennsylvania","Philadelphia, PA/NJ","Bucks County","PA","42"
6160,"Philly","Philadelphia","42","42029","PA","Pennsylvania","Philadelphia, PA/NJ","Chester County","PA","42"
6160,"Philly","Philadelphia","42","42045","PA","Pennsylvania","Philadelphia, PA/NJ","Delaware County","PA","42"
6160,"Philly","Philadelphia","42","42101","PA","Pennsylvania","Philadelphia, PA/NJ","Philadelphia County","PA","42"
6280,"Pittsburgh","Pittsburgh","42","42125","PA","Pennsylvania","Pittsburgh, PA","Washington County","PA","42"
6280,"Pittsburgh","Pittsburgh","42","42007","PA","Pennsylvania","Pittsburgh, PA","Beaver County","PA","42"
6280,"Pittsburgh","Pittsburgh","42","42129","PA","Pennsylvania","Pittsburgh, PA","Westmoreland County","PA","42"
6280,"Pittsburgh","Pittsburgh","42","42019","PA","Pennsylvania","Pittsburgh, PA","Butler County","PA","42"
6280,"Pittsburgh","Pittsburgh","42","42051","PA","Pennsylvania","Pittsburgh, PA","Fayette County","PA","42"
6280,"Pittsburgh","Pittsburgh","42","42003","PA","Pennsylvania","Pittsburgh, PA","Allegheny County","PA","42"
7560,"Scranton","Scranton","42","42079","PA","Pennsylvania","Scranton/Wilkes-Barre/Hazleton, PA","Luzerne County","PA","42"
7560,"Scranton","Scranton","42","42037","PA","Pennsylvania","Scranton/Wilkes-Barre/Hazleton, PA","Columbia County","PA","42"
7560,"Scranton","Scranton","42","42069","PA","Pennsylvania","Scranton/Wilkes-Barre/Hazleton, PA","Lackawanna County","PA","42"
7560,"Scranton","Scranton","42","42131","PA","Pennsylvania","Scranton/Wilkes-Barre/Hazleton, PA","Wyoming County","PA","42"
3240,"Harrisburg","Harrisburg Area","42","42075","PA","Pennsylvania","Harrisburg/Lebanon/Carlisle, PA","Lebanon County","PA","42"
3240,"Harrisburg","Harrisburg Area","42","42099","PA","Pennsylvania","Harrisburg/Lebanon/Carlisle, PA","Perry County","PA","42"
3240,"Harrisburg","Harrisburg Area","42","42041","PA","Pennsylvania","Harrisburg/Lebanon/Carlisle, PA","Cumberland County","PA","42"
3240,"Harrisburg","Harrisburg Area","42","42043","PA","Pennsylvania","Harrisburg/Lebanon/Carlisle, PA","Dauphin County","PA","42"
240,"Allentown","Allentown Area","42","42077","PA","Pennsylvania","Allentown/Bethlehem/Easton, PA","Lehigh County","PA","42"
240,"Allentown","Allentown Area","42","42095","PA","Pennsylvania","Allentown/Bethlehem/Easton, PA","Northampton County","PA","42"
240,"Allentown","Allentown Area","42","42025","PA","Pennsylvania","Allentown/Bethlehem/Easton, PA","Carbon County","PA","42"
6483,"ProvidenceRI","Providence Area","44","44001","RI","Rhode Island","Providence/Warwick/Pawtucket, RI","Bristol County","RI","44"
6483,"ProvidenceRI","Providence Area","44","44003","RI","Rhode Island","Providence/Warwick/Pawtucket, RI","Kent County","RI","44"
6483,"ProvidenceRI","Providence Area","44","44007","RI","Rhode Island","Providence/Warwick/Pawtucket, RI","Providence County","RI","44"
6483,"ProvidenceRI","Providence Area","44","44009","RI","Rhode Island","Providence/Warwick/Pawtucket, RI","Washington County","RI","44"
8003,"Springfield_MA","Springfield MA","25","25013","MA","Massachusetts","Springfield, MA","Hampden County","MA","25"
8003,"Springfield_MA","Springfield MA","25","25015","MA","Massachusetts","Springfield, MA","Hampshire County","MA","25"
1123,"Boston","Greater Boston Area","25","25005","MA","Massachusetts","Boston/Worchester/Lawrence/Lowell/Brockton, MA/NH","Bristol County","MA","25"
1123,"Boston","Greater Boston Area","25","25009","MA","Massachusetts","Boston/Worchester/Lawrence/Lowell/Brockton, MA/NH","Essex County","MA","25"
1123,"Boston","Greater Boston Area","25","25027","MA","Massachusetts","Boston/Worchester/Lawrence/Lowell/Brockton, MA/NH","Worcester County","MA","25"
1123,"Boston","Greater Boston Area","25","25021","MA","Massachusetts","Boston/Worchester/Lawrence/Lowell/Brockton, MA/NH","Norfolk County","MA","25"
1123,"Boston","Greater Boston Area","25","25025","MA","Massachusetts","Boston/Worchester/Lawrence/Lowell/Brockton, MA/NH","Suffolk County","MA","25"
1123,"Boston","Greater Boston Area","25","25023","MA","Massachusetts","Boston/Worchester/Lawrence/Lowell/Brockton, MA/NH","Plymouth County","MA","25"
1123,"Boston","Greater Boston Area","25","25017","MA","Massachusetts","Boston/Worchester/Lawrence/Lowell/Brockton, MA/NH","Middlesex County","MA","25"
1123,"Boston","Greater Boston Area","33","33017","NH","New Hampshire","Boston/Worchester/Lawrence/Lowell/Brockton, MA/NH","Strafford County","MA","25"
1123,"Boston","Greater Boston Area","33","33015","NH","New Hampshire","Boston/Worchester/Lawrence/Lowell/Brockton, MA/NH","Rockingham County","MA","25"
1123,"Boston","Greater Boston Area","33","33011","NH","New Hampshire","Boston/Worchester/Lawrence/Lowell/Brockton, MA/NH","Hillsborough County","MA","25"
9000,"Wheeling","Wheeling","54","54069","WV","West Virginia","Wheeling, WV/OH","Ohio County","OH","39"
9000,"Wheeling","Wheeling","54","54051","WV","West Virginia","Wheeling, WV/OH","Marshall County","OH","39"
3400,"HuntingtonAshland","Huntingon/Ashland","54","54099","WV","West Virginia","Huntingon/Ashland, WV/KY/OH","Wayne County","OH","39"
3400,"HuntingtonAshland","Huntingon/Ashland","54","54011","WV","West Virginia","Huntingon/Ashland, WV/KY/OH","Cabell County","OH","39"
1900,"Cumberland","Cumberland","54","54057","WV","West Virginia","Cumberland, MD/WV","Mineral County","MD","24"
8840,"DC","Greater DC Area","54","54037","WV","West Virginia","Washington, DC/MD/VA/WV","Jefferson County","DC","11"
8080,"Steubenville","Steubenville","54","54029","WV","West Virginia","Steubenville/Weirton, OH/WV","Hancock County","WV","54"
8080,"Steubenville","Steubenville","54","54009","WV","West Virginia","Steubenville/Weirton, OH/WV","Brooke County","WV","54"
1480,"Charleston","Charleston","54","54079","WV","West Virginia","Charleston, WV","Putnam County","WV","54"
1480,"Charleston","Charleston","54","54039","WV","West Virginia","Charleston, WV","Kanawha County","WV","54"
3120,"Greensboro","Greensboro Area","37","37151","NC","North Carolina","Greensboro/Winston-Salem/High Point, NC","Randolph County","NC","37"
3120,"Greensboro","Greensboro Area","37","37067","NC","North Carolina","Greensboro/Winston-Salem/High Point, NC","Forsyth County","NC","37"
3120,"Greensboro","Greensboro Area","37","37059","NC","North Carolina","Greensboro/Winston-Salem/High Point, NC","Davie County","NC","37"
3120,"Greensboro","Greensboro Area","37","37169","NC","North Carolina","Greensboro/Winston-Salem/High Point, NC","Stokes County","NC","37"
3120,"Greensboro","Greensboro Area","37","37001","NC","North Carolina","Greensboro/Winston-Salem/High Point, NC","Alamance County","NC","37"
3120,"Greensboro","Greensboro Area","37","37197","NC","North Carolina","Greensboro/Winston-Salem/High Point, NC","Yadkin County","NC","37"
3120,"Greensboro","Greensboro Area","37","37057","NC","North Carolina","Greensboro/Winston-Salem/High Point, NC","Davidson County","NC","37"
3120,"Greensboro","Greensboro Area","37","37081","NC","North Carolina","Greensboro/Winston-Salem/High Point, NC","Guilford County","NC","37"
5720,"NorfolkVA","Norfolk Area","37","37053","NC","North Carolina","Norfolk/Virginia Beach/Newport News, VA/NC","Currituck County","VA","51"
3290,"Hickory","Hickory/Morganton/Lenoir","37","37003","NC","North Carolina","Hickory/Morganton/Lenoir, NC","Alexander County","NC","37"
3290,"Hickory","Hickory/Morganton/Lenoir","37","37023","NC","North Carolina","Hickory/Morganton/Lenoir, NC","Burke County","NC","37"
3290,"Hickory","Hickory/Morganton/Lenoir","37","37027","NC","North Carolina","Hickory/Morganton/Lenoir, NC","Caldwell County","NC","37"
3290,"Hickory","Hickory/Morganton/Lenoir","37","37035","NC","North Carolina","Hickory/Morganton/Lenoir, NC","Catawba County","NC","37"
480,"Asheville","Asheville Area","37","37115","NC","North Carolina","Asheville, NC","Madison County","NC","37"
480,"Asheville","Asheville Area","37","37021","NC","North Carolina","Asheville, NC","Buncombe County","NC","37"
1520,"Charlotte","Greater Charlotte Area","37","37109","NC","North Carolina","Charlotte/Gastonia/Rock Hill, NC/SC","Lincoln County","NC","37"
1520,"Charlotte","Greater Charlotte Area","37","37119","NC","North Carolina","Charlotte/Gastonia/Rock Hill, NC/SC","Mecklenburg County","NC","37"
1520,"Charlotte","Greater Charlotte Area","37","37159","NC","North Carolina","Charlotte/Gastonia/Rock Hill, NC/SC","Rowan County","NC","37"
1520,"Charlotte","Greater Charlotte Area","37","37179","NC","North Carolina","Charlotte/Gastonia/Rock Hill, NC/SC","Union County","NC","37"
1520,"Charlotte","Greater Charlotte Area","37","37025","NC","North Carolina","Charlotte/Gastonia/Rock Hill, NC/SC","Cabarrus County","NC","37"
1520,"Charlotte","Greater Charlotte Area","37","37071","NC","North Carolina","Charlotte/Gastonia/Rock Hill, NC/SC","Gaston County","NC","37"
6640,"RaleighChapelHill","Raleigh/Chapel Hill Area","37","37183","NC","North Carolina","Raleigh/Durham/Chapel Hill, NC","Wake County","NC","37"
6640,"RaleighChapelHill","Raleigh/Chapel Hill Area","37","37135","NC","North Carolina","Raleigh/Durham/Chapel Hill, NC","Orange County","NC","37"
6640,"RaleighChapelHill","Raleigh/Chapel Hill Area","37","37069","NC","North Carolina","Raleigh/Durham/Chapel Hill, NC","Franklin County","NC","37"
6640,"RaleighChapelHill","Raleigh/Chapel Hill Area","37","37101","NC","North Carolina","Raleigh/Durham/Chapel Hill, NC","Johnston County","NC","37"
6640,"RaleighChapelHill","Raleigh/Chapel Hill Area","37","37063","NC","North Carolina","Raleigh/Durham/Chapel Hill, NC","Durham County","NC","37"
6640,"RaleighChapelHill","Raleigh/Chapel Hill Area","37","37037","NC","North Carolina","Raleigh/Durham/Chapel Hill, NC","Chatham County","NC","37"
600,"AugustaAiken","Augusta/Aiken","45","45003","SC","South Carolina","Augusta/Aiken, GA/SC","Aiken County","GA","13"
600,"AugustaAiken","Augusta/Aiken","45","45037","SC","South Carolina","Augusta/Aiken, GA/SC","Edgefield County","GA","13"
3160,"Greenville","Greenville Area","45","45007","SC","South Carolina","Greenville/Spartanburg/Anderson, SC","Anderson County","SC","45"
3160,"Greenville","Greenville Area","45","45083","SC","South Carolina","Greenville/Spartanburg/Anderson, SC","Spartanburg County","SC","45"
3160,"Greenville","Greenville Area","45","45045","SC","South Carolina","Greenville/Spartanburg/Anderson, SC","Greenville County","SC","45"
3160,"Greenville","Greenville Area","45","45077","SC","South Carolina","Greenville/Spartanburg/Anderson, SC","Pickens County","SC","45"
3160,"Greenville","Greenville Area","45","45021","SC","South Carolina","Greenville/Spartanburg/Anderson, SC","Cherokee County","SC","45"
1440,"Charleston","Greater Charleston Area","45","45019","SC","South Carolina","Charleston/North Charlestown, SC","Charleston County","SC","45"
1440,"Charleston","Greater Charleston Area","45","45035","SC","South Carolina","Charleston/North Charlestown, SC","Dorchester County","SC","45"
1440,"Charleston","Greater Charleston Area","45","45015","SC","South Carolina","Charleston/North Charlestown, SC","Berkeley County","SC","45"
1760,"Columbia","Columbia (SC)","45","45079","SC","South Carolina","Columbia, SC","Richland County","SC","45"
1760,"Columbia","Columbia (SC)","45","45063","SC","South Carolina","Columbia, SC","Lexington County","SC","45"
1520,"Charlotte","Greater Charlotte Area","45","45091","SC","South Carolina","Charlotte/Gastonia/Rock Hill, NC/SC","York County","NC","37"
8840,"DC","Greater DC Area","11","11001","DC","District of Columbia","Washington, DC/MD/VA/WV","District of Columbia","DC","11"